{
  "hotel-pricerange": [
    "expensive",
    "cheap",
    "moderate"
  ],
  "hotel-type": [
    "guesthouse",
    "hotel"
  ],
  "hotel-parking": [
    "free",
    "no",
    "yes"
  ],
  "hotel-day": [
    "monday",
    "tuesday",
    "wednesday",
    "thursday",
    "friday",
    "saturday",
    "sunday"
  ],
  "hotel-people": [
    "1",
    "2",
    "3",
    "4",
    "5",
    "6",
    "7",
    "8"
  ],
  "hotel-stay": [
    "1",
    "2",
    "3",
    "4",
    "5",
    "6",
    "7",
    "8"
  ],
  "hotel-stars": [
    "0",
    "1",
    "2",
    "3",
    "4",
    "5"
  ],
  "hotel-internet": [
    "free",
    "no",
    "yes"
  ],
  "hotel-name": [],
  "hotel-area": [
    "centre",
    "east",
    "north",
    "south",
    "west"
  ],
  "train-arrive": [],
  "train-departure": [
    "birmingham new street",
    "bishops stortford",
    "broxbourne",
    "cambridge",
    "ely",
    "kings lynn",
    "leicester",
    "london kings cross",
    "london liverpool street",
    "norwich",
    "peterborough",
    "stansted airport",
    "stevenage"
  ],
  "train-day": [
    "monday",
    "tuesday",
    "wednesday",
    "thursday",
    "friday",
    "saturday",
    "sunday"
  ],
  "train-people": [
    "0",
    "1",
    "2",
    "3",
    "4",
    "5",
    "6",
    "7",
    "8",
    "9",
    "10",
    "15"
  ],
  "train-leave": [],
  "train-destination": [
    "birmingham new street",
    "bishops stortford",
    "broxbourne",
    "cambridge",
    "ely",
    "kings lynn",
    "leicester",
    "london kings cross",
    "london liverpool street",
    "norwich",
    "peterborough",
    "stansted airport",
    "stevenage"
  ],
  "attraction-area": [
    "centre",
    "east",
    "north",
    "south",
    "west"
  ],
  "attraction-name": [],
  "attraction-type": [
    "architecture",
    "boat",
    "cinema",
    "college",
    "concerthall",
    "entertainment",
    "museum",
    "multiple sports",
    "nightclub",
    "park",
    "swimmingpool",
    "theatre"
  ],
  "restaurant-pricerange": [
    "cheap",
    "expensive",
    "moderate"
  ],
  "restaurant-area": [
    "centre",
    "east",
    "north",
    "south",
    "west"
  ],
  "restaurant-food": [],
  "restaurant-name": [],
  "restaurant-day": [
    "monday",
    "tuesday",
    "wednesday",
    "thursday",
    "friday",
    "saturday",
    "sunday"
  ],
  "restaurant-people": [
    "1",
    "2",
    "3",
    "4",
    "5",
    "6",
    "7",
    "8"
  ],
  "restaurant-time": [],
  "hospital-department": [],
  "taxi-leave": [],
  "taxi-destination": [],
  "taxi-departure": [],
  "taxi-arrive": [],
  "bus-departure": [],
  "bus-destination": [],
  "bus-leave": [],
  "bus-day": [
    "wednesday"
  ]
}